{
    "meta": [
        {
            "Eye": [
                0.2184000015258789, 
                0.19699999690055847, 
                0.13600000739097595
            ]
        }, 
        {
            "Mouth": [
                0.0, 
                0.04699999839067459, 
                0.17000000178813934
            ]
        }
    ]
}