{
    "meta": [
        {
            "Head": [
                0.00906127505004406, 
                0.5538361668586731, 
                -0.04371627792716026
            ]
        }, 
        {
            "Arm": [
                0.48069968819618225, 
                0.356097012758255, 
                -0.10486485064029694
            ]
        }, 
        {
            "Leg": [
                0.48069968819618225, 
                -0.39216047525405884, 
                -0.015493791550397873
            ]
        }
    ]
}